seconds,vid_au4_mean,vid_au4_std,vid_au6_mean,vid_au6_std,vid_au12_mean,vid_au12_std,vid_au17_mean,vid_au17_std,vid_yaw_mean,vid_yaw_std,vid_pitch_mean,vid_pitch_std,vid_gaze_mean,vid_gaze_std
5,-1.422149256013027,0.07627669621746293,-2.551893284995388,0.08125294656103599,1.3750008336313542,0.04437307570895423,-2.5718410502926496,0.18646882726977784,-0.008515218695004781,0.006300544529704914,0.0562853434185187,0.007335379873281364,0.48916231290034173,0.15732549457883543
10,-1.3772555902167447,0.06870453832578821,-2.5904082707044953,0.0926641317798676,1.3779614433953256,0.06501933097315922,-2.6615180279528827,0.15104821925925463,0.0006769768397013346,0.002436403955682047,0.05371613666415215,0.006946011041159448,0.33087320964133227,0.23092381591796068
15,-1.421504529682433,0.0707257502942688,-2.648084008503042,0.09029964007315872,1.3870206352104428,0.07027491392820638,-2.7201858535628647,0.1623189908157341,-7.665753364562989e-06,0.0012500159322407216,0.051046239882707595,0.005129872281989644,0.5036294311788498,0.16696631946306623
20,-1.4973740097825934,0.05995467025093217,-2.66753192340561,0.07114789558063432,1.4484542698158183,0.06877767148463315,-2.684466354493096,0.15912597006774676,-0.0007711853583653768,0.00127036747481696,0.05632853706677755,0.003996064845994403,0.5246347920420159,0.12937219787932408
25,-1.4684714067560158,0.1003273125750245,-2.6713785425762513,0.09709323375992751,1.417834316257656,0.09902602535480899,-2.811672489637494,0.21957065944667173,-0.0003749581178029378,0.0013713578963384589,0.05165759474039078,0.005083076796611076,0.4849238248269387,0.17756415601048517
30,-1.4491746604731304,0.06536869766485287,-2.637990229267366,0.0790833255017049,1.4248183719413294,0.06600030073864578,-2.7115935796364603,0.21400271980166521,-0.0004892853895823161,0.0011172620708571792,0.05385175665219625,0.003859880914055371,0.380000333754635,0.24561013549763505
35,-1.4747858402777736,0.06658268780292044,-2.6785379243269416,0.09006548604187244,1.423660299592749,0.09274953400193112,-2.790449720779693,0.1821209136274897,-0.00042386611302693683,0.0010310119376875221,0.053046414951483406,0.004485739026004469,0.49359424279952746,0.16531254390260225
40,-1.4197247550661625,0.0601556846861371,-2.626182037578335,0.07287108264754728,1.3982069768745946,0.06041459815240248,-2.7114982020701177,0.2006894806412347,0.0006800711154937745,0.0016422514795092049,0.05398754333456357,0.006932241297168397,0.548083003254281,0.12835196105508748
45,-1.422547606286873,0.06620223609502285,-2.667687130554256,0.07305084369100473,1.4268225162784802,0.06185165492799328,-2.7064230311725743,0.15882580977119415,0.00012595295906066894,0.0015528116316323136,0.05078623359402021,0.0067552972518841285,0.4844711820878561,0.20797786673050703
50,-1.3535567041051664,0.07241036548090657,-2.6528886757456744,0.11784029397677911,1.4071198085335939,0.06072900471020939,-2.7668461102853574,0.1844184086095008,0.0013534828027089436,0.002139407807466388,0.040019286076227824,0.004895830354955724,0.4340135045228116,0.1681756313860502
55,-1.406517346661375,0.06079603104301973,-2.643177806410299,0.0900696010294764,1.378810612871417,0.0727242446090803,-2.747750425284898,0.15202044906598117,-0.0013925256331761679,0.0012373500882000845,0.05054961770772934,0.0035310096358422255,0.47205388070992804,0.18703462832156575
60,-1.4242220433519062,0.06795408183944254,-2.650551848931446,0.08327443751001397,1.410665147943563,0.06267553579846252,-2.685075537699669,0.1373270271099191,0.0003609041372934977,0.0019300054564886542,0.05251474564274152,0.0028325085998563873,0.442604772078595,0.2321325698967989
65,-1.4309694451674853,0.11154213592661769,-2.6852329797046277,0.10361656863143193,1.4655840308100316,0.11316145929184444,-2.775277086804574,0.14604821421470746,-0.0010477185249328613,0.0028362458588619462,0.049457272986570995,0.012165460358988777,0.41240588645569726,0.15321419697012198
70,-1.494349586269367,0.09195747432567876,-2.6702378098637176,0.11300512255288024,1.4967812024516085,0.06615469654860898,-2.77099557335516,0.20757868257392953,-0.0013202621539433797,0.0011776721984074654,0.05288153414924939,0.0077383503253756454,0.33279076754075276,0.197346397466901
75,-1.4702714526984422,0.06035986930975314,-2.683510949183958,0.06764668876303857,1.4132881185861632,0.04562261229397208,-2.7223329907000546,0.11382913905418834,-0.0020502251386642456,0.0012200102590667686,0.05409807254870733,0.0040311010803916565,0.5051081110966866,0.1677801444381813
80,-1.4448385565818436,0.08318233786704653,-2.5734071737486905,0.1107628741979475,1.3854371219518262,0.06354070697138427,-2.5701942780160434,0.17876548151731295,-0.0012553711732228598,0.0015973783386797372,0.05997956161697705,0.0031369957758122223,0.5211059285354518,0.12070049207398376
85,-1.3982001025137798,0.06806359844978771,-2.6554014014481013,0.09816559682066542,1.413269805707066,0.05863395930273384,-2.7171797155406283,0.17661610580176992,-0.00021759907404581705,0.0013363587063717852,0.049677414198716484,0.009409937666419888,0.40913915751800073,0.19226590857333895
90,-1.4543880665771867,0.049977030345703756,-2.670728603723703,0.072815977772341,1.4189041290256599,0.0675835298784656,-2.669696183692469,0.16243742356267987,0.00043326079845428466,0.0013763871713618659,0.05333987846970558,0.004668410004343415,0.4972986195848174,0.1610737046205874
95,-1.405341704353468,0.09222715175671191,-2.605980954059448,0.10654023772531546,1.4314774220594302,0.0636527761222864,-2.5580278062411637,0.13685193692475156,0.003805783987045288,0.004616303869010511,0.04937287713090579,0.005141795402434466,0.3713502078817527,0.22990831232863926
100,-1.4178048916743582,0.0739934551898245,-2.640900625812519,0.08930205364425585,1.4144309388220628,0.045973189046896595,-2.687842025650865,0.24205181626481848,0.0029015241066614786,0.0025450317387790563,0.04856832936406136,0.005102333341048735,0.42251328663540033,0.176079786590737
105,-1.4288487787129136,0.05589146237520984,-2.6185141867614234,0.12180913313505821,1.4413623203811192,0.049052579621663074,-2.632705899370463,0.15858229205094998,-0.0010443738102912904,0.004426475345335722,0.05239094033837319,0.007821810963036163,0.4758211329218788,0.19384439535244044
110,-1.4340797267771777,0.051356415454167956,-2.63925944192543,0.10791660198330645,1.4767490104068948,0.06052391265524017,-2.6484755442631323,0.12139446184958277,-0.0010158462325731913,0.0034451205266967824,0.05069220706820488,0.00822194209572108,0.516161701569193,0.1315644490691419
115,-1.3666516082226978,0.05961572719513872,-2.679069009317534,0.10958157723218406,1.509917508749002,0.07011370059178608,-2.6196632982083674,0.12733908483384146,0.0009652241071065267,0.0007530492399288485,0.048105372538169225,0.009506469539775146,0.5050282503168853,0.13669495525823716
120,-1.4327526995501823,0.04625753728374579,-2.7928451116693496,0.05491311623850559,1.5010281730354684,0.0483415896730368,-2.740133534661518,0.09027594940650603,0.0011839151382446289,0.0008861477154804433,0.042340846608082454,0.004147525450835949,0.5350540166524781,0.06033065513937834
125,-1.3747873927118825,0.053560132177341305,-2.705145435988338,0.0932863159213502,1.4511229489954935,0.05650816201950677,-2.6489350675016934,0.15650398694888792,0.0013189550240834554,0.002187027588961028,0.04595331316192945,0.005890228809465204,0.532425268539478,0.08113182015253334
130,-1.4354482009681004,0.04391970742763617,-2.6505143225170484,0.058540665306397205,1.4590091463275303,0.04987450289107237,-2.501666405893751,0.08608655245391404,0.002137938141822815,0.000606443218757938,0.05204945827523867,0.006076714679872871,0.5086332487972457,0.1772966921925405
135,-1.4216273314623782,0.044810649837449125,-2.625761730132765,0.06892469257674644,1.4274877797989602,0.05703943837885609,-2.464609391159863,0.0826933239564547,0.0025356014569600425,0.0006622129009989356,0.05417492677768072,0.006253485272983867,0.4711678483682919,0.21457123098052766
140,-1.404005006868405,0.04593474815504262,-2.708504102290594,0.08290620716432807,1.4940884126291205,0.07218236638746316,-2.5867569055828357,0.11446583428134988,0.0022314616044362386,0.0010663229432319643,0.04226949632167816,0.003464391687050559,0.4951489740327679,0.1500358208070773
145,-1.4239507325179006,0.040381998440679134,-2.6575777485958034,0.055356463703755444,1.4327866913086404,0.0367401560585826,-2.501461862093929,0.07367992979781074,0.0033592742681503294,0.00037606832769400265,0.04986550569534302,0.005455157562508304,0.5411709566982222,0.13786333023030117
150,-1.4601968032233439,0.032417171611533964,-2.666053599907565,0.04274677141796779,1.456369702317412,0.03199438719009969,-2.554406393264076,0.08578732709158465,0.0037810697158177694,0.0005750906583446031,0.052176885306835175,0.004312830523093306,0.6000489733549078,0.04317248684185269
155,-1.4423643985548256,0.04256010016575541,-2.6517166903226226,0.052595138793957656,1.4369349822973554,0.04235601967070369,-2.543171302107692,0.07229981112263201,0.002253256638844808,0.0007565188126591924,0.0520680736998717,0.0068963396369020845,0.5693718591750642,0.08502333165810483
160,-1.4565752623815948,0.04390433560086818,-2.690612755639817,0.05343048189697316,1.4787445321191437,0.04621571101084498,-2.571373868100443,0.07290188231163255,0.0019983065128326414,0.0007300853052293035,0.05261030092835426,0.006415917554430066,0.5549807041994489,0.10981499602021932
165,-1.4646773017644554,0.03840188613984544,-2.6659283042315343,0.05273444702670627,1.4850793543481005,0.058141356534690845,-2.517317166632362,0.05798217394777084,0.002332120140393575,0.0005686092509711383,0.052145181993643444,0.0040513235141849705,0.5445536587257918,0.1356186347067152
170,-1.463828021149791,0.047282657298971326,-2.6857896890089887,0.06285122997894912,1.5145431607718987,0.06034649187128523,-2.530138790280735,0.07718150096741533,0.002337444225947062,0.0007346188630138403,0.05214720999201139,0.006007745017748746,0.567050289732695,0.1054544710424785
175,-1.4563349190244987,0.03330245427829322,-2.6500657158238297,0.06698507118523915,1.4471504347882693,0.03528385159056242,-2.5107765859252797,0.08992461761465005,0.0023457584778467815,0.0005536568408509546,0.05575848087668419,0.007198167645305342,0.5640035105515306,0.10067208476339322
180,-1.4254694157002783,0.04370171522864618,-2.711209071173877,0.08867593204871435,1.4618281629297867,0.051166039918826255,-2.603974278867181,0.1366119878712932,0.0021249460180600486,0.001005034023047831,0.04526932726303736,0.007420503000432026,0.5520731685992953,0.11331180238968866
185,-1.462895055632321,0.04070694463270252,-2.661884842231585,0.052698914163817966,1.4432746217606942,0.0488764900675685,-2.524301036213092,0.07106974310673626,0.001833091378211975,0.00048494285504025505,0.055701508422692614,0.005749484616809282,0.5598131716141377,0.12583593341137994
190,-1.4488996252057667,0.03580494737841375,-2.6458236749083457,0.0609331863959306,1.4394732780954735,0.0380122005271869,-2.5085321498115536,0.06215656779101875,0.002286233107248942,0.00038712746391350984,0.0544181814789772,0.005592193507107612,0.536871814341309,0.1531203774527954
195,-1.4466303677937367,0.036701900120576746,-2.6535890569744063,0.044516847625600965,1.4515281941676201,0.044256090833745196,-2.5182155119750487,0.06348130683532135,0.002633506258328756,0.0008170610580040387,0.051837958693504334,0.008724967886284655,0.557420047073198,0.10094919252812856
200,-1.4371113273633993,0.03526011444420478,-2.6712660807497772,0.06481667274374647,1.4645628451041157,0.051033098081451365,-2.544916498492812,0.09000810945085738,0.003498629728953044,0.0007275629580182418,0.04740114589532216,0.005916538281786604,0.5087959736076363,0.1662516538980853
205,-1.4428250849543334,0.044763510239507934,-2.6269139259896384,0.0886874541003027,1.4400012589476656,0.04844749486641596,-2.512668434418167,0.0956694439529724,0.0019772265354792277,0.002075526584240005,0.05536816860238711,0.00937645189977173,0.5306814603569288,0.18232404154541534
210,-1.4640489921881321,0.07775380313110326,-2.614107621124342,0.1237506780670752,1.4166275823658565,0.11233601338784781,-2.5178087837407284,0.1363430783911289,0.002053223252296448,0.0019777440895054916,0.05469725842277209,0.00918701919798088,0.5541202077942606,0.1135317152191532
215,-1.445982154067056,0.03043730693271775,-2.6590316421157367,0.06205513176841025,1.4470373435351003,0.05509906499793789,-2.5104925794140636,0.06418288414804385,0.003023358186086019,0.00045181601190337245,0.0510729140539964,0.005164298748479752,0.4826015341168458,0.19863618672053593
220,-1.4813145572349238,0.05665348713244128,-2.6767216129538944,0.06729318794452079,1.3880224724802672,0.05073706670556159,-2.613296720553153,0.11801916921373608,0.00018855353196461995,0.0034849998968007265,0.0526219534377257,0.0032309834350194417,0.4752304217999661,0.14423816977047849
225,-1.4496373124426971,0.0713872957007899,-2.683553545636725,0.07860005729174176,1.4267707253694872,0.061732452758697196,-2.755327955597486,0.15156594062400877,0.0009068421522776286,0.0012937579512646068,0.05032692278424899,0.0038651059449579758,0.4817861816553371,0.14512335373395127
230,-1.4962019180851178,0.053907925829205054,-2.705208289842752,0.07898515859785142,1.4704515858642482,0.05481331706445322,-2.8018799770272564,0.1724095571124378,-0.0007858081658681234,0.0008399787125787492,0.055389232685168585,0.005301200728792499,0.5639674749154667,0.11536392737568542
235,-1.4434179544929415,0.05945757516304018,-2.7031208340223727,0.07278760077583894,1.4350828045574584,0.06451522468388753,-2.7281525552193115,0.12474179812634419,-0.00021395305792490642,0.0009770885288583177,0.050090179493029914,0.004178255070799557,0.5017172146097786,0.14315776836834318
240,-1.4224154434128127,0.07049561612888167,-2.6657279791591457,0.08938327062428987,1.437127131968099,0.05898857626027767,-2.7030723136977333,0.16982392606466787,0.0011624511082967122,0.0015906011614872072,0.050793630431095756,0.0031257801764184015,0.39717291803793503,0.19833494694427126
245,-1.4511394283022634,0.061653033648639215,-2.6885232857667147,0.06734661175359577,1.4263166801748115,0.047304835383398525,-2.709447610082331,0.10068452669785066,0.0009043804804484049,0.0009774055974271733,0.054683579603830974,0.002585543513398384,0.48171627000570766,0.18601694937212998
250,-1.4527228140558142,0.04687790433764771,-2.670879960578068,0.0631063279003997,1.4146783801294665,0.04245786841093016,-2.7325710075521004,0.12489605743376399,0.0007425866524378459,0.0009023922218425523,0.05706454043587049,0.002714599187501814,0.4977812688423317,0.19058310644124327
255,-1.4910113736680912,0.06644079784821715,-2.638951111059991,0.08956685005294408,1.3932532550166468,0.06681923476926133,-2.711741389909394,0.14706662556947378,0.0002316713333129883,0.0011487572904561474,0.05946626598636309,0.0039700083442944034,0.4975789488401847,0.1348134223054205
260,-1.3619688143744573,0.06686517772524074,-2.5889574160513416,0.1367471569082463,1.3718960910106965,0.08468616912657768,-2.913886752658818,0.18008967479779125,0.004859123428662618,0.003358182035612302,0.04513942400614421,0.008328933948016976,0.5053494658575506,0.1572375353221676
265,-1.437854741604433,0.05287998334343437,-2.6831283793017837,0.060070189264112415,1.412977147491398,0.050910355917501385,-2.7434385355542887,0.14590223394320914,0.0021125751733779906,0.002438205614063713,0.05172092268864314,0.004651833452367383,0.5336141379035697,0.12376533003805289
270,-1.4629218470641403,0.05730365041230674,-2.700188022343291,0.06394807945382469,1.3964847705744081,0.04250819770358457,-2.7524682236635454,0.1344874496760026,0.00013030648231506347,0.001077681384867958,0.052465413510799405,0.0033089532995262717,0.5235193485853099,0.14180712495402317
275,-1.434991737764372,0.05684297912812382,-2.6827657258125366,0.09103362878980668,1.3894436472337193,0.05852577265085964,-2.8083893129135946,0.20646791132983713,0.00024054735898971558,0.001178373743548012,0.05110451896985372,0.006519138689879028,0.5080133707310519,0.13805425471870142
280,-1.446659178079326,0.0504249977120185,-2.668180644968434,0.06712814674539973,1.4149204254766714,0.0696231796137528,-2.7825529750556584,0.10492423914697485,0.0014856310685475668,0.0011912017151033457,0.05411720434824625,0.0028759691118942334,0.5614774495990336,0.08970572228906645
285,-1.4448104286727028,0.07543586750949381,-2.7006827228294825,0.08695487407940958,1.421911122846964,0.06042598080850057,-2.7651233001030886,0.19809390020629938,-0.0006463452180226644,0.001236523269897187,0.05023222933212916,0.005904952943394103,0.45366455923513654,0.17104180455399526
290,-1.4008693910355312,0.08787158401279527,-2.7347169306782475,0.1059965973873814,1.4353126031741694,0.05474166083252847,-2.876706945882417,0.1603853415905096,-0.001050573190053304,0.002608130240572599,0.0439806079864502,0.006735506098407493,0.5227949944740385,0.06089558568734877
295,-1.3245567376456968,0.06464871644631423,-2.51011981375885,0.08488100298652283,1.370884105855649,0.061338301087156544,-2.4808220981456452,0.14047485170384458,-0.0015647061665852865,0.005886022552890599,0.053902735511461894,0.012826062173424264,0.41759197765491174,0.1878095629779209
300,-1.4349593323462708,0.06093610259103031,-2.6720783745251304,0.09065003456822071,1.405685058810733,0.05076949705039381,-2.772838421507914,0.17754994841925167,3.871321678161621e-05,0.0012845234159309128,0.05204694281021754,0.006476037826596397,0.42618892944448544,0.20067103134484413
305,-1.4501683520657538,0.08954935264640475,-2.612412155923508,0.0749776045626132,1.4003294787478546,0.04387616833389057,-2.7666268144995305,0.1751931565664638,0.0006907717386881511,0.0016289685639779843,0.05558635617295901,0.004659865414354243,0.4973454372518807,0.13193617573053823
310,-1.4037282837591825,0.0675369711071079,-2.6350300775252027,0.09363525198177675,1.4215666468095003,0.05165505681233807,-2.7313909989347036,0.15976312118610275,0.0018288862705230712,0.001375877585172505,0.05177045856912931,0.0031198801759439493,0.5090080563486025,0.12517534603392202
315,-1.4165130585662178,0.07598762177312915,-2.674621524259084,0.11953790699788786,1.43501333189005,0.06835915928838583,-2.75127762029539,0.24525928107322587,0.002513491113980611,0.0019891061490163297,0.04737412109971047,0.012783486245622087,0.42239043700601364,0.17859626351786811
320,-1.3883920267678305,0.07432962788091939,-2.5978169931229274,0.1452580413620586,1.4291191142626056,0.07665350923536865,-2.690356781755563,0.3213690989582485,0.003613789677619934,0.0034278461438527696,0.053711392482121784,0.011038745046255318,0.3131773059956798,0.21110433302948745
325,-1.4391878524884332,0.04971716798983124,-2.593737801387911,0.07450257921973237,1.4263414964098846,0.05113702978173913,-2.6466742548745024,0.17384030945115275,0.002100890278816223,0.002252664588220371,0.06096485609809558,0.005355440227631717,0.46514086831213625,0.15460230173325235
330,-1.438628400865978,0.0681717400190382,-2.6311260865857804,0.07562292518772397,1.411558536156194,0.06471694844749123,-2.6664664074405966,0.1201002044109882,0.001016353964805603,0.0010031352824986057,0.05687825992703438,0.0033894390093497807,0.4503243322591154,0.17090829108338654
335,-1.4399654531322341,0.059146629816626946,-2.6401040760199455,0.06924388938109824,1.455152459837599,0.03667105995810935,-2.7260604082398396,0.15260654216361386,-0.007403292059898377,0.007002737618730811,0.058348147769769036,0.0038937212298312267,0.5553766848924111,0.09673003053903381
340,-1.3698877016064592,0.04778481201329069,-2.6461212698852563,0.07613424357123039,1.4609765459146156,0.052999477719875294,-2.501707215395921,0.1062690279779206,0.004336747129758199,0.003106162685885341,0.04767536774277687,0.007687700889144567,0.4728948127945798,0.1527245418516655
345,-1.4231180654459619,0.04616023270980724,-2.712499216608709,0.07396085885025415,1.5533202266926114,0.07058979171046924,-2.557991036044943,0.08683729341249855,0.0031116225322087607,0.0006867377585955804,0.053532987187306084,0.004481512569771249,0.4903616839312663,0.17226452040997411
350,-1.4425328078037414,0.08971531346031265,-2.6829515123664125,0.13688716995328046,1.511121584804865,0.08992275232201127,-2.856715146695782,0.4372625973193335,0.002854365507761637,0.0015615835813617084,0.05001858393351237,0.006014736303569185,0.4916815185408141,0.11227316099759733
355,-1.5111028405047326,0.0732646647139029,-2.670409473430164,0.08770967132956389,1.5565339775103102,0.0929324471677496,-2.961143561005199,0.1708169166007244,0.002261836330095927,0.000721560803121008,0.058916049599647524,0.004265658784628179,0.4676999940169375,0.16909954713413392
360,-1.5246384961266268,0.05311375609840052,-2.755840918353928,0.08000800312035726,1.5903473654034166,0.05842676074829478,-3.277509620759494,0.14919420622564825,0.0022827245791753135,0.0011187955214073942,0.05103881840904554,0.001757549016794466,0.4597902918011387,0.14888522109886126
365,-1.5334981787978625,0.03533074741547529,-2.681235866494372,0.045085821563533766,1.563430115102127,0.07314182304779651,-2.9992668127371385,0.10893389749837891,0.0015221625566482545,0.001018626728835488,0.06013880049188932,0.002418605662606501,0.5405936695404743,0.12025165201352014
370,-1.5345196976196989,0.043783832014210454,-2.6936646610447217,0.07535718955893549,1.5433758869777776,0.044440450020586185,-3.0183219480766637,0.17672477579300372,0.0019348557790120442,0.0005461743839908486,0.060261485079924265,0.0018922811727689031,0.4993674318527953,0.17670352976452544
375,-1.4353620070724036,0.055100068995448566,-2.7538113419111623,0.0853739614565799,1.5248194428582806,0.0752285737544039,-2.751823086803445,0.16589973942606967,0.0029436477025349935,0.000800685780388348,0.04710803285241127,0.005260145643547367,0.5363315549436161,0.0727330026574584
380,-1.4054502974098009,0.0247270950635189,-2.6206139072358963,0.038823378266278234,1.4375089543419344,0.029438488023375956,-2.4842823657165445,0.047456050082428175,0.0027167663971583047,0.00047276545716786085,0.0561001751323541,0.0021801088178914443,0.5931543375234184,0.06302551979574329
385,-1.4156476141537075,0.03202299707460397,-2.6355348188065024,0.05009262379183746,1.4543443528717208,0.04445338382040587,-2.4998970148015487,0.0571615103952548,0.0026842880249023436,0.0005044362394956973,0.05622372016310692,0.002583755459457194,0.5956361801883332,0.0819628987259834
390,-1.4438074141501822,0.03945890149261662,-2.659643861361745,0.05519347042697237,1.463348962269778,0.0420909945114377,-2.560879807977449,0.08851550748054064,0.0024345767498016356,0.0008990899430920459,0.05237849459052086,0.0035703587412583195,0.5476140414396512,0.1470759630569811
395,-1.4138244349920925,0.03806290461917438,-2.678646882128918,0.0970812365065423,1.4534850608757863,0.04225952646023576,-2.5619313124589915,0.11480346596139587,0.0029725828766822815,0.0007281342574348583,0.05012979060411453,0.007006691564518179,0.49304554079374363,0.16582560791702375
400,-1.40073253675936,0.0441434814198742,-2.644267727940845,0.0691685460502065,1.463333573379512,0.04471196182292488,-2.475859827108963,0.08828784058951067,0.0027363781134287514,0.0007966094010782744,0.05001103992263476,0.005606637072741963,0.516107258394997,0.14532957755459003
405,-1.4319030886655022,0.036379292937577745,-2.6780906634964894,0.06969353591872793,1.4449346634146054,0.10641281831749562,-2.5764869068571254,0.10074629337917469,0.0025426048040390016,0.0005748227208162406,0.05477161521712939,0.0037036240822146405,0.47045343077329976,0.186362505439443
410,-1.4296884760008153,0.035960861610773456,-2.7150410079166303,0.056455686577321744,1.4668875753364747,0.02744899797312376,-2.6158218673122877,0.06836047333699458,0.003343838453292847,0.0006089435175241892,0.04593536843856176,0.002605647445895912,0.5222901489917029,0.07497485039343685
415,-1.5096030866565406,0.06280627525249094,-2.6912227065211582,0.0828705581608392,1.5592724341108972,0.08102029654881486,-3.1860507240727096,0.23291684705332832,0.004033849438031515,0.0009838659345646147,0.05507695237795512,0.006756088926654817,0.45798274173568737,0.14953099031040287
420,-1.5282753447264978,0.049242546728898814,-2.7141256994542187,0.07059299363393076,1.578835383209007,0.06379368905505783,-3.174157788022457,0.2148240059730212,0.0035049869616826375,0.0006210884751607845,0.05914292911688487,0.004990182631099689,0.5425516324969994,0.09268540773965177
425,-1.4998264050105943,0.06148033934254644,-2.6864364603018176,0.07114174644848881,1.5378366469681235,0.07593045140721193,-3.119658721369533,0.26259251391794003,0.0025538007418314614,0.001569405095902772,0.05528448551893234,0.004165477238838494,0.4894650183372756,0.14258856941045267
430,-1.41570468787103,0.031729797232166596,-2.663770472268318,0.05480948825459401,1.471530440982538,0.04237494906606226,-2.5204478228535034,0.094906928307814,0.0034589882691701255,0.000619595205466953,0.05112355425953865,0.005793676834723983,0.5391566009125326,0.12316724117886738
435,-1.4284725885665723,0.0537325431033485,-2.6275949379960184,0.06842900230830817,1.4207237590768227,0.04352519851825627,-2.5204787106184714,0.09919001568272906,0.002645772894223531,0.0008107151111323318,0.05431314612428347,0.004479829235802652,0.4816067244245975,0.1891686556883087
440,-1.4408875506657959,0.08379968550393943,-2.6367966173107877,0.09741078904868773,1.3816968148897522,0.06347022926048777,-2.713502135817096,0.13180371097289778,0.0006344258785247803,0.0010181845324309827,0.05157662332057953,0.0030494675966901783,0.34957510428199534,0.18537023882911813
445,-1.3749150155912795,0.03750859917906783,-2.590674440767995,0.07349045898776736,1.3772235999086544,0.05131823878131721,-2.8157424334481336,0.17715007869891378,0.0023767554759979246,0.0014227678363127288,0.05051222120722135,0.004400162589909507,0.5184658558863146,0.11401584770931229
450,-1.452466901012894,0.07014116826344848,-2.629063649227844,0.07160073769672573,1.446674153791722,0.06596780609225854,-2.7192617895975455,0.1740522378478559,0.001222192645072937,0.0014215240364192788,0.0571388190984726,0.005735766010471065,0.48677085342762894,0.15747095473416406
455,-1.4540955817387855,0.059091234196530944,-2.6395165105280554,0.1037329047499726,1.4387980867193824,0.06553499532233746,-2.7288805497548454,0.177350946603083,0.0017530375719070435,0.0012154619850432956,0.05411241417129835,0.006404093717346174,0.4650557290257986,0.20350206773880153
460,-1.5261862925887633,0.08085948903916455,-2.7238780566738745,0.08820484947086589,1.448695812681028,0.06264998411463744,-2.7890394330113666,0.151728374174323,0.0011896475156148274,0.0018865680430672142,0.053125464071830115,0.004995510464606826,0.4471704066950229,0.15132914647777176
465,-1.407379244273653,0.06268699038413272,-2.6587821451129026,0.08658732124039417,1.4326381096841858,0.047064586358950715,-2.651671289013701,0.20587725232497833,0.003261668086051941,0.0022092355329716195,0.04340056290229161,0.007048220264946015,0.4157070618198249,0.1841144941503784
470,-1.4435331612165423,0.0585503839397876,-2.6590318234513104,0.11261916103299507,1.4313590669079042,0.06401382300078505,-2.7267761134486865,0.15577333826637682,-0.0001529232660929362,0.0009402519347171869,0.05373175437251727,0.008677139612948812,0.5171673237178387,0.14023597027003068
475,-1.4786887911815765,0.05832769775825777,-2.6771620944448995,0.07607788267837594,1.418940309189444,0.07513662453041345,-2.7459799563308276,0.17271836558432757,-0.0009145016471544901,0.002082230857095475,0.055168239176273344,0.004630989118695974,0.3701998747583317,0.16088470079570208
480,-1.4288518468746259,0.07918871033067292,-2.5858338371392997,0.07437949400530869,1.3744614007079194,0.07985469571447523,-2.6848063993412286,0.13713789482669547,-0.0011845950285593668,0.0012085117072655645,0.059502535512049995,0.006156955836956452,0.5216884376784773,0.11743579229294605
485,-1.4710561056123908,0.08944123074700855,-2.6777452581520707,0.10098464682874392,1.3989647903957547,0.0638179859900242,-2.7708845454837183,0.15252642270934175,0.0010497961441675821,0.001416614751281225,0.051429386734962466,0.007245773994458415,0.4815401454542989,0.12737548410866806
490,-1.4798464338145019,0.06516118421902152,-2.6223692271274714,0.08038713432221468,1.4010385723301908,0.054893328024367055,-2.666275511588694,0.13485758860836083,-0.0010139930248260498,0.0012844359792196134,0.0601099619269371,0.004307972867717262,0.45273914584984143,0.2134624610496846
495,-1.4935063052595383,0.06215904577325894,-2.627016636029883,0.0768247235708349,1.4050565970216495,0.06343864218622221,-2.675366568363295,0.1301039822830962,0.00028058032194773356,0.0016464321830928854,0.060441910326480865,0.007570458093438965,0.5273381488331204,0.1988523437284573
500,-1.4116950784388145,0.0858079213845838,-2.6043484225135844,0.10859317233943121,1.3893309038724575,0.06383542554237229,-2.7226830585576596,0.1500167291450851,0.0031774359941482543,0.00359621489987663,0.05086056729157766,0.005225117453264738,0.41304185134471655,0.20383722719337624
505,-1.4500791067770338,0.12073410368124499,-2.6129606577406532,0.09159807824522091,1.4204506816624076,0.08309481040073441,-2.9705762549459194,0.22773712371474925,0.0028617150584856667,0.005076328595954269,0.05541862815618515,0.013256170675960598,0.43828294677695057,0.16835130419940714
510,-1.4880799977290533,0.0734639891242753,-2.601265855562004,0.10146799922659878,1.4278222576884596,0.07323324759453266,-2.7459812398735295,0.18038447393935453,-0.00042081379250392015,0.0015748429100544998,0.062163957613426565,0.0031964890440915822,0.5152209747417783,0.15434661025419003
515,-1.4801324588495695,0.07296374477519767,-2.6393828836938966,0.09881930777455107,1.4100198176620238,0.059987743001576915,-2.761261516429274,0.17153303114595364,0.001790029009183248,0.0019989950681696383,0.057576105892658234,0.005625989269862986,0.5383651149048408,0.13499170737164204
520,-1.4496582904334814,0.047938365032713294,-2.672075618416532,0.07523228569684148,1.440179639541925,0.05820371826412611,-2.7063816216744008,0.1335796466487055,0.0013127668698628744,0.0009789786515045774,0.05203518693645795,0.007677164952104779,0.517149203560673,0.1633980184514294
525,-1.3672138270245875,0.04820434555468818,-2.608652907753681,0.08786708698709728,1.4075051062295398,0.04682393997453021,-2.68884030355648,0.1804634752354287,0.0015308094024658204,0.0019622038790496257,0.05175051594773928,0.005284529917794867,0.3289835229536221,0.24736639331895713
530,-1.3707600169928045,0.06251273396563463,-2.5911145565887903,0.07771276302366986,1.4409899484142872,0.062403043865592325,-2.7098665290504944,0.16657835807737523,0.00435982366402944,0.0035465488935773584,0.054827600171168646,0.010624185663294226,0.48409543140023475,0.16954449140771144
535,-1.3680720323518796,0.0809681281034164,-2.5943389672420807,0.0897306216004141,1.3977681556446406,0.05157505982411258,-2.6895970373715397,0.16448747993769203,0.0035086966554323832,0.00247412363106904,0.04922936215996742,0.0089468924363453,0.4884951539035855,0.1656128210792604
540,-1.4091980361375775,0.05151867352658764,-2.648034333576748,0.06657575683401792,1.3929995969221136,0.05175167766031221,-2.731465915226582,0.16166365116225276,0.002731406291325887,0.002052312618199192,0.05154559403657913,0.006495593725652135,0.5507271843353796,0.1035027391319831
545,-1.4045774052285522,0.05325876313617012,-2.562984747053087,0.12507477871126976,1.3878767254222253,0.07093447940900205,-2.6258510830503026,0.16257465640556434,0.0016038207213083903,0.0008871092432233861,0.05675798217455546,0.004555297103554508,0.4822833575519881,0.19008433395558372
550,-1.4241433584221923,0.055613206924114145,-2.5936052177042384,0.08731764049302577,1.4044700616678771,0.05428158043290443,-2.610458364513143,0.16348990390828982,0.002156141698360443,0.0014852107123982101,0.058450844486554465,0.0033487593831747083,0.3817028111130123,0.20586364603857
555,-1.3649582871765724,0.081514226851701,-2.5292294630910797,0.13305555599555005,1.4518953555600052,0.06913245538638225,-2.6112014278419675,0.21163020379678166,-0.0009501721461613973,0.003577601801031112,0.058180560171604154,0.004944161974452444,0.322052250488128,0.2027595972555414
560,-1.4140571086207705,0.08250374402364404,-2.5627169429262504,0.1185860528615911,1.4726702542019783,0.09356215176248897,-2.595599458993421,0.20212005945439757,-0.0006494184335072835,0.006470692684387286,0.05881009648243586,0.012430156696750723,0.32740528555934867,0.1715979044982931
565,-1.3717276395938667,0.08152738150848492,-2.6779324279878765,0.11343894321579048,1.497655759602994,0.09182716188963257,-2.5959245176611487,0.180871319303567,0.00014789660771687827,0.006156485201124193,0.0437375083565712,0.008838612218897536,0.42857021175518584,0.1499728674332095
570,-1.4425493981926494,0.04285562069450503,-2.6230368536327493,0.0860370472287206,1.4642709965800385,0.06176993206534884,-2.5160778290635637,0.1089135229853887,0.0021492942174275716,0.0008852222648037081,0.054422096610069276,0.00576661582924279,0.4478649772647885,0.21084637629511496
575,-1.4205720228073218,0.057244717283602885,-2.700999774728247,0.1193074543209849,1.5532844549827933,0.09572770977005311,-2.597332367224792,0.14112461712168814,0.002119261622428894,0.001028505531186122,0.0527314863105615,0.0039335297279639,0.4338050155019513,0.21319282563548703
580,-1.3935650516524254,0.06420160800621423,-2.691590918671158,0.08302657614110848,1.5425835386574296,0.06428602402161489,-2.5593237978171213,0.1185821169483947,0.0021780252456665037,0.0009736734137684213,0.0477811690668265,0.005263153557197326,0.4956001964180503,0.14544048937332082
585,-1.4070872725566317,0.05322983289356201,-2.679179105939474,0.126439591040142,1.4901080678919891,0.07721368283902108,-2.6366820409546134,0.16974138679873918,0.001513492465019226,0.001213602896915877,0.04897711411118508,0.006644680757581787,0.4433269530579673,0.17149111917949997
590,-1.4495186561938886,0.03457097779593055,-2.6818658838399134,0.061808843167028164,1.4947496252032215,0.05661788833975228,-2.595524061332986,0.09486300939273402,0.0012262636423110962,0.0007823405882820065,0.05927041232585907,0.005263545756053041,0.5504759452647799,0.11419792370937172
595,-1.4169264933212427,0.043711604436708476,-2.639521917831069,0.08061385305052142,1.4804404680525924,0.0447268600983899,-2.610779182097465,0.12320394722521777,0.0030071245630582176,0.0011172082035268932,0.053560081322987875,0.006872194185126254,0.4920486172849498,0.1711964743953711
600,-1.4158890650775695,0.03335030963566398,-2.6736521958852246,0.07992014223433293,1.4761033810720705,0.042495572220060396,-2.5902784953468156,0.12241084454176261,0.0029023444652557374,0.0018238869748232564,0.051390979588031765,0.007653830935673532,0.5640235302388377,0.08252199473525426
605,-1.4343759465349035,0.0628111452725264,-2.7103382980136774,0.08366410863985807,1.4944958765809717,0.047412501059601986,-2.751828039740062,0.22189746802104385,0.003368231455485026,0.0025763059929060153,0.046302657773097354,0.006121738661613266,0.5267419632854446,0.0762988172781687
610,-1.445630637028425,0.05536387883783025,-2.6997561941089314,0.08316056902317809,1.4980489653301245,0.05648373126325432,-2.6320183150586884,0.14536058714779226,0.003994150559107463,0.0008985253272916875,0.05160305246710777,0.005911695908132856,0.444754552735209,0.19345308499544953
615,-1.4621320827128115,0.030919641211375835,-2.6724616804423267,0.04409250131509354,1.4845309524370969,0.04346347740805343,-2.5586776538741987,0.0763040674757937,0.0022439012924830117,0.0006619935381118884,0.05635784844557444,0.005329622332276974,0.5837010167909295,0.06327702518381867
620,-1.4572739164260946,0.04806408850945807,-2.671362789090503,0.05976686185715461,1.4419002691742544,0.04742920161661385,-2.5775826906888546,0.07159466101907909,0.002583614985148112,0.0004743668894740314,0.055254412094751994,0.0038811847699995084,0.5635744283234367,0.10821776451610274
625,-1.4280490328067423,0.03565091561897438,-2.6962288973608217,0.10191550144068766,1.4909883525997802,0.09290252525947953,-2.621928756667118,0.11460769399037583,0.0029738980531692507,0.0007320172690161286,0.050919717202583946,0.006458185056805158,0.4519775772127966,0.2025834778181611
630,-1.429929057808212,0.03415058511919978,-2.65690586016804,0.07197496752333794,1.4756303297477769,0.0509754593318961,-2.6133995889762747,0.08579165565971579,0.004028141498565674,0.0005515286684417228,0.051255843291680016,0.00537969959567736,0.46909370044709514,0.1810932217946679
635,-1.419402913922645,0.03420795664880374,-2.650824503273502,0.07334374148824582,1.434748182463428,0.09114083146316998,-2.5407740623296595,0.05728142374582687,0.003871703346570333,0.0005538449299177553,0.05466248114903768,0.0030545499639829192,0.4708782611698903,0.18532068791351172
640,-1.4358703096961816,0.04019703891165893,-2.6469402568691023,0.06038768197210635,1.4533175442247148,0.035129397480517126,-2.541729954243958,0.07198028053839478,0.0041284106175104775,0.000400813390920987,0.049780256599187854,0.002323620639404967,0.46968095750396693,0.20265388985643895
645,-1.4452691022194544,0.030655470470500087,-2.659789349004215,0.04638766183324027,1.4590550441785077,0.03830368329522729,-2.5528321369717166,0.05954141154023972,0.0033719424406687417,0.0005716366575418651,0.05435913120706876,0.004422155010835962,0.5703246529479092,0.06912246534022887
650,-1.431442462279834,0.04979038910219275,-2.6715976506811305,0.05829006971694622,1.4719016197219443,0.05429162548442696,-2.5664238498253895,0.06653350819338069,0.0034067048629124958,0.0015999453477507349,0.04940725197394689,0.007174980793957647,0.5316670621069702,0.10456427484623797
655,-1.4320143688543594,0.03325830713421409,-2.6588249129947963,0.0566979848399716,1.4774102209847482,0.05198664409465521,-2.550182451677803,0.09691938210922181,0.003088781237602234,0.0006668849934107718,0.056745685040950775,0.0026420184664288113,0.5637007427288918,0.06967348565748571
660,-1.402809793962244,0.029339435300703095,-2.621298263772393,0.04929210075692845,1.4219455731057282,0.041942977162839616,-2.5230028316686783,0.06286651472452534,0.0030238686005274453,0.0005364370842311224,0.056463216145833335,0.002506780541630211,0.5196102250103142,0.17248983882493696
665,-1.43934265492866,0.03543796148898384,-2.646167399250113,0.053514041652029526,1.4231154640085308,0.04314141729565378,-2.5703814646994685,0.06979787401032647,0.0030013851324717203,0.0004414892680771443,0.05139638394117355,0.003069287031896156,0.5182881203155368,0.1846354560450234
670,-1.4475828597787135,0.04619190816932318,-2.6747327474335143,0.05938839974909683,1.460327198104602,0.049152031325521005,-2.577882737764299,0.07824539733342264,0.0031792312860488892,0.0005968142942230292,0.0527812189857165,0.005190140081628688,0.5584768043670122,0.07684861406192578
675,-1.435525117314482,0.03445270337112751,-2.650303391542344,0.03685762802868267,1.4341780438011613,0.03459486977677918,-2.5326998475205817,0.04397339123528993,0.0030793686707814532,0.00033016752071954216,0.05588374654452006,0.0024435135344477235,0.5534582853379478,0.0842405306674705
680,-1.4307361045685407,0.0398132482861151,-2.650042701244249,0.04565117930791632,1.4325828913266438,0.039569939976867696,-2.5176692978941326,0.07333109261887531,0.0023099686702092487,0.001849666700332797,0.056139437903960546,0.002715589101763239,0.5726868724243285,0.09129006458023992
685,-1.4331264421347074,0.0859814289522267,-2.663380042896298,0.08624897317589854,1.4289840522822879,0.047808753380717085,-2.6146626566479227,0.17927362821512102,-0.00483779380718867,0.0074940916892577945,0.05105223228534063,0.00990277147086785,0.5491852710527841,0.0950631751808825
690,-1.4375569808025874,0.04521072050985871,-2.6140842054580973,0.08046382768420195,1.4288774174303667,0.06746093865420011,-2.5533907155562097,0.15349831507983802,-0.012366279297404819,0.0051972106400538275,0.05672992252641254,0.008553849179591472,0.540431194525585,0.18571896856554823
695,,,,,,,,,,,,,,
700,,,,,,,,,,,,,,
