held_out_session,model,target,condition,ccc,pearson_r,mse,rmse
1,MeanBaseline,arousal,sync,-6.16689507118334e-31,,0.2379881899755431,0.4878403324608812
1,RidgeCV,arousal,sync,0.06819895526052466,0.09022901194292571,0.26175060141784323,0.5116156774551023
1,SVR,arousal,sync,-0.09062636887703326,-0.0913635812913028,0.4461031155513747,0.6679095114994057
1,XGBoost,arousal,sync,-0.16582859524716984,-0.24492709892583187,0.34652870199530433,0.5886668854244346
1,CatBoost,arousal,sync,0.05932423443206067,0.2311546424322936,0.2765851040678158,0.525913589925014
1,CatBoostOptuna,arousal,sync,0.3036414713842103,0.3326978658133918,0.228935241639158,0.4784717772650316
1,Ensemble,arousal,sync,0.0004130813357677428,0.0005850530806157796,0.281928158108199,0.5309690745308986
1,MeanBaseline,arousal,retro,-6.16689507118334e-31,,0.2379881899755431,0.4878403324608812
1,RidgeCV,arousal,retro,0.06448835986503386,0.08705604649918866,0.2596008331228754,0.5095103856869606
1,SVR,arousal,retro,-0.0949709318596792,-0.09587115951130615,0.4443741960695497,0.6666139783034479
1,XGBoost,arousal,retro,-0.1483840868020153,-0.24319417113707203,0.3299324878464259,0.5743974998608767
1,CatBoost,arousal,retro,0.0750455458913623,0.3129436098850514,0.25811695705274273,0.5080521204096512
1,CatBoostOptuna,arousal,retro,0.056762044829962305,0.07322788780513452,0.2683568251530784,0.5180316835417293
1,Ensemble,arousal,retro,-0.003209776933259186,-0.0045265506503449,0.2811012702955988,0.5301898436367852
1,MeanBaseline,valence,sync,1.70549072827168e-30,,0.10756788144835848,0.32797542811673935
1,RidgeCV,valence,sync,-0.07742689037943001,-0.11121294129698847,0.13482589535996486,0.36718645857379445
1,SVR,valence,sync,-0.07832263996130032,-0.13962082361669836,0.12687337388465042,0.35619288859359677
1,XGBoost,valence,sync,-0.08680683979217897,-0.1523830264991647,0.13277934727018206,0.3643890054189095
1,CatBoost,valence,sync,0.03149403519945199,0.043061929654512665,0.18965384965878415,0.4354926516702482
1,CatBoostOptuna,valence,sync,-0.004317276852410909,-0.004381200250080597,0.18900215119350852,0.4347437764862293
1,Ensemble,valence,sync,-0.03416849294370932,-0.06397480018257033,0.12663930291757836,0.35586416357590483
1,MeanBaseline,valence,retro,1.70549072827168e-30,,0.10756788144835848,0.32797542811673935
1,RidgeCV,valence,retro,-0.05385912948811666,-0.07713156254598844,0.13203154699141093,0.3633614550160913
1,SVR,valence,retro,-0.07283862859471522,-0.13123323406042872,0.1264655846660228,0.3556200003740268
1,XGBoost,valence,retro,-0.06254846954535881,-0.11478896013715163,0.12448286784303503,0.3528212973206621
1,CatBoost,valence,retro,0.058855097402743244,0.07667538765654308,0.15759952625896964,0.3969880681569279
1,CatBoostOptuna,valence,retro,-0.055154637269995574,-0.07316245478197597,0.20745427734743097,0.455471489060985
1,Ensemble,valence,retro,-0.01249338180568438,-0.023671296518851512,0.12120443304385008,0.3481442704452424
2,MeanBaseline,arousal,sync,0.0,,2.3054654073189997,1.5183759110704436
2,RidgeCV,arousal,sync,0.2137708460341645,0.6857927845161484,1.488755143784658,1.2201455420500695
2,SVR,arousal,sync,0.2771585060381229,0.7143408194774712,1.2307599305530172,1.1093962008917362
2,XGBoost,arousal,sync,0.13112716166891772,0.6903512268523987,1.7415299250975291,1.3196703850195053
2,CatBoost,arousal,sync,0.05208379185075661,0.42043492852683617,1.7660539919950868,1.3289296414765859
2,CatBoostOptuna,arousal,sync,-0.161455737196322,-0.5688099823862922,2.6152683214960293,1.61717912474037
2,Ensemble,arousal,sync,0.1825786158114655,0.7230282575020388,1.4649347569506501,1.210344891735678
2,MeanBaseline,arousal,retro,0.0,,2.3054654073189997,1.5183759110704436
2,RidgeCV,arousal,retro,0.20851930532990284,0.685441528816014,1.494296824374351,1.2224143423464693
2,SVR,arousal,retro,0.24900196500744887,0.6890770112685158,1.2593446844267875,1.1222052773119486
2,XGBoost,arousal,retro,0.10468505161324536,0.5417385786113615,1.8258758142498515,1.3512497231266511
2,CatBoost,arousal,retro,-0.000993076738391093,-0.011267135522626492,1.849345417524679,1.3599064002807983
2,CatBoostOptuna,arousal,retro,0.06688117743041587,0.30265375592656374,2.0974045032065924,1.4482418662663334
2,Ensemble,arousal,retro,0.15389733818925386,0.6839984925259108,1.5047864361008128,1.2266973694032333
2,MeanBaseline,valence,sync,0.0,,0.6487860793439154,0.8054725813731436
2,RidgeCV,valence,sync,-0.18527465396745316,-0.47997747080311504,0.9211921688792861,0.9597875644533461
2,SVR,valence,sync,-0.18582661891331737,-0.5096410664746462,1.1017088025777613,1.049623171703903
2,XGBoost,valence,sync,0.05957717314232684,0.28611378621161054,0.6947263465744984,0.8335024574495857
2,CatBoost,valence,sync,-0.026664887910057784,-0.18962225584280185,0.7915877198721216,0.8897121556279433
2,CatBoostOptuna,valence,sync,0.05279650890773139,0.1841916106827265,0.7084921205327861,0.8417197398973046
2,Ensemble,valence,sync,-0.13544128627537758,-0.49564539043195466,0.910768415905352,0.954341875799942
2,MeanBaseline,valence,retro,0.0,,0.6487860793439154,0.8054725813731436
2,RidgeCV,valence,retro,-0.18457907037865887,-0.4863814936339371,0.9326683604916198,0.9657475656151663
2,SVR,valence,retro,-0.18172872777744564,-0.5293566421372203,1.1072563198461236,1.052262476688266
2,XGBoost,valence,retro,0.10288379344916691,0.4438365889436249,0.6453601622661114,0.8033431161503231
2,CatBoost,valence,retro,-0.034185079020842835,-0.2529298349583655,0.8309514044978414,0.9115653594218253
2,CatBoostOptuna,valence,retro,0.02074409904079741,0.05785061560252461,0.6671620554955213,0.8167998870565062
2,Ensemble,valence,retro,-0.13825491078437854,-0.5027650239039776,0.9520272103350026,0.9757188172496227
3,MeanBaseline,arousal,sync,5.993500523936785e-31,,0.25681832920973996,0.5067724629552596
3,RidgeCV,arousal,sync,0.08581899320655623,0.1904228989345478,0.26737652876914053,0.517084643718164
3,SVR,arousal,sync,0.11927481571472667,0.3112415988712953,0.4641867209532248,0.6813124987501878
3,XGBoost,arousal,sync,0.032562842497733446,0.08495546502389756,0.20104614635806545,0.4483816971711328
3,CatBoost,arousal,sync,0.00012315745266030652,0.0004461566324905373,0.2432118810070437,0.4931651660519462
3,CatBoostOptuna,arousal,sync,-0.07222617381173851,-0.2582217964007327,0.6124396940835206,0.7825852631397556
3,Ensemble,arousal,sync,0.08999814765179008,0.29132555866780446,0.29290852066566897,0.5412102370296307
3,MeanBaseline,arousal,retro,5.993500523936785e-31,,0.25681832920973996,0.5067724629552596
3,RidgeCV,arousal,retro,0.09854976987812855,0.21702123757620181,0.2667070379929498,0.5164368673835649
3,SVR,arousal,retro,0.12162882263720333,0.32659987662387885,0.4710800738641189,0.6863527328306626
3,XGBoost,arousal,retro,0.012461550969487504,0.04092586589779862,0.20330483720781753,0.45089337676197633
3,CatBoost,arousal,retro,0.03407315938192102,0.12864664382238755,0.252160731496812,0.5021560828037553
3,CatBoostOptuna,arousal,retro,-0.013588864341333327,-0.057258989052695386,0.6973236029392307,0.8350590415888153
3,Ensemble,arousal,retro,0.1030304521584153,0.3214070968748311,0.2990387864243967,0.5468443895884795
3,MeanBaseline,valence,sync,0.0,,0.8722597812307933,0.9339484896025012
3,RidgeCV,valence,sync,-0.06532208555986381,-0.19573666662525907,0.9423497744409812,0.9707470187649206
3,SVR,valence,sync,-0.0016875941523122814,-0.014960701547649122,0.8685274003780639,0.9319481747275777
3,XGBoost,valence,sync,-0.016916333933923864,-0.06134884776208097,1.0159754065408444,1.0079560538738008
3,CatBoost,valence,sync,-0.0331601668472912,-0.10911662168267655,1.0211653331963055,1.0105272550487223
3,CatBoostOptuna,valence,sync,0.003949747249428761,0.007634829478083658,1.119060524983553,1.0578565710830334
3,Ensemble,valence,sync,-0.03583313740329967,-0.2009136940360109,0.9209459417625886,0.9596592842059043
3,MeanBaseline,valence,retro,0.0,,0.8722597812307933,0.9339484896025012
3,RidgeCV,valence,retro,-0.07136666510300803,-0.21295770147172433,0.9478594835537646,0.973580753483636
3,SVR,valence,retro,-0.0047899841339757235,-0.046224393819114806,0.8696469490311166,0.9325486309201878
3,XGBoost,valence,retro,-0.03832419732021998,-0.14674793984895382,1.008376763859692,1.004179647204469
3,CatBoost,valence,retro,-0.021214879290301084,-0.21214245418837727,0.921271411514299,0.9598288449063713
3,CatBoostOptuna,valence,retro,-0.01605693654282574,-0.024515009013944225,1.2945939722618962,1.1378022553422436
3,Ensemble,valence,retro,-0.03305124180763267,-0.20038925294783053,0.9053646972462195,0.9515065408320741
4,MeanBaseline,arousal,sync,6.550466468263295e-31,,0.2007136715741303,0.44801079403752125
4,RidgeCV,arousal,sync,-0.18912935153760424,-0.33865740851705467,0.5946587359024361,0.7711411906404924
4,SVR,arousal,sync,-0.19291839314423767,-0.3796164495024805,0.8277693843681484,0.9098183249243491
4,XGBoost,arousal,sync,-0.19719823471003575,-0.2627028333598637,0.3543782192258237,0.5952967488789299
4,CatBoost,arousal,sync,0.0012838351763504194,0.0034834546400656415,0.16257053595231907,0.4032003670041969
4,CatBoostOptuna,arousal,sync,-8.29349271739172e-05,-0.00011766244212692983,0.23619613898745678,0.48600014299118965
4,Ensemble,arousal,sync,-0.20639795471202504,-0.3542493438241283,0.4278739382270239,0.6541207367352176
4,MeanBaseline,arousal,retro,6.550466468263295e-31,,0.2007136715741303,0.44801079403752125
4,RidgeCV,arousal,retro,-0.18134693542659014,-0.32581475917317637,0.6079257280482764,0.7796959202460125
4,SVR,arousal,retro,-0.19265162150903165,-0.3721437635756514,0.799128408051448,0.8939398235068443
4,XGBoost,arousal,retro,-0.21196047733337542,-0.2793272228023198,0.3653892852574451,0.6044743875942512
4,CatBoost,arousal,retro,0.015584682442164344,0.04189838414447881,0.1606502640323872,0.40081200584861126
4,CatBoostOptuna,arousal,retro,-0.003899774154000063,-0.004552350546182117,0.2119681200707984,0.4603999566363994
4,Ensemble,arousal,retro,-0.20515429605021065,-0.34385063964571905,0.4423120423230495,0.6650654421356214
4,MeanBaseline,valence,sync,-5.982123238939622e-31,,0.08791314540697454,0.29650150995732644
4,RidgeCV,valence,sync,-0.14184982163924334,-0.32985673413492145,0.7132991131977346,0.8445703719630085
4,SVR,valence,sync,-0.23410325637130347,-0.34161532929496996,0.379340559668557,0.6159062913045759
4,XGBoost,valence,sync,-0.2778029449144685,-0.41342022573179316,0.15869515680907256,0.3983656069605816
4,CatBoost,valence,sync,-0.17387440642570323,-0.3564116221084723,0.11822279988483796,0.3438354255815389
4,CatBoostOptuna,valence,sync,-0.13596151868668802,-0.150103056670984,0.13500115506281538,0.36742503325551373
4,Ensemble,valence,sync,-0.2191048933695571,-0.34762819847322246,0.3427514955711349,0.5854498232736388
4,MeanBaseline,valence,retro,-5.982123238939622e-31,,0.08791314540697454,0.29650150995732644
4,RidgeCV,valence,retro,-0.14615285576475462,-0.33234996086533286,0.7064777715503366,0.8405223206734825
4,SVR,valence,retro,-0.2620315277486814,-0.3655010190369443,0.36997740795192796,0.6082576821972148
4,XGBoost,valence,retro,-0.11958724635396645,-0.15997951584295675,0.12289407993776275,0.35056251929971455
4,CatBoost,valence,retro,-0.1567492202890061,-0.3533862440491491,0.10970836414480845,0.3312225296455669
4,CatBoostOptuna,valence,retro,-0.052293015888876554,-0.05621291756815003,0.13480274105300835,0.36715492786153414
4,Ensemble,valence,retro,-0.23724733142701254,-0.3635679792693257,0.3193563420114225,0.5651162199153573
5,MeanBaseline,arousal,sync,-5.401218878582617e-31,,0.29210477225763687,0.5404671796303979
5,RidgeCV,arousal,sync,0.03615343940216766,0.06690367083229817,0.29862888472332055,0.546469472819224
5,SVR,arousal,sync,-0.017353274143732673,-0.03365809352151736,0.361898215154097,0.6015797662439263
5,XGBoost,arousal,sync,0.01668342300314961,0.026810848629486024,0.2971508963213234,0.5451154889757981
5,CatBoost,arousal,sync,0.32366961281769596,0.5041717886836288,0.4291692003250837,0.6551100673360803
5,CatBoostOptuna,arousal,sync,0.49508332292611673,0.5336590095780276,0.19899480061642233,0.446088332750838
5,Ensemble,arousal,sync,0.17932667420640533,0.35132851195916553,0.31156767257826157,0.5581824724749619
5,MeanBaseline,arousal,retro,-5.401218878582617e-31,,0.29210477225763687,0.5404671796303979
5,RidgeCV,arousal,retro,0.03195675996082331,0.058871720261178866,0.29849892332379674,0.5463505498521959
5,SVR,arousal,retro,0.041478637616236734,0.07641184243212297,0.35035133748220904,0.5919048381980072
5,XGBoost,arousal,retro,0.3715202132146825,0.4429909686205395,0.22734277094173314,0.47680475138334466
5,CatBoost,arousal,retro,0.37288612137036165,0.49826140528992835,0.3046434759077817,0.5519451747300466
5,CatBoostOptuna,arousal,retro,0.010043764766951966,0.015901633511650408,0.34374830126167394,0.5863005212872269
5,Ensemble,arousal,retro,0.19107970398678023,0.34322538302966743,0.28443465415861713,0.5333241548613912
5,MeanBaseline,valence,sync,2.236488225256278e-30,,0.16460408105254157,0.4057142849993596
5,RidgeCV,valence,sync,-0.09066914633946097,-0.12550230555523156,0.2087587137389133,0.45690120785451344
5,SVR,valence,sync,-0.12016663151316823,-0.21882933087088463,0.1956912803407471,0.44237007170552023
5,XGBoost,valence,sync,-0.007124662408082417,-0.00942331707576053,0.2122280328009841,0.46068213857385887
5,CatBoost,valence,sync,-0.0128091789969439,-0.03820036696760802,0.17817524026939904,0.4221080907414581
5,CatBoostOptuna,valence,sync,0.058065598762636846,0.07997025181766562,0.16981364543543698,0.4120845124915968
5,Ensemble,valence,sync,-0.07851533661528318,-0.17323554313863904,0.18532712972976328,0.4304963759775026
5,MeanBaseline,valence,retro,2.236488225256278e-30,,0.16460408105254157,0.4057142849993596
5,RidgeCV,valence,retro,-0.11998463650968683,-0.16367522180553987,0.21427304456460514,0.4628963648211175
5,SVR,valence,retro,-0.13751076411873328,-0.2512274963421807,0.19773790497131044,0.44467730431326313
5,XGBoost,valence,retro,0.07903398872573987,0.09948371436446227,0.2104712431997046,0.45877144985243423
5,CatBoost,valence,retro,0.015851133429859204,0.05001105989621597,0.1871595142805375,0.4326193641996825
5,CatBoostOptuna,valence,retro,0.03502027017764149,0.05630458390142836,0.2024434476798182,0.4499371597010167
5,Ensemble,valence,retro,-0.08296102122664412,-0.19455355911228134,0.19105613838255395,0.437099689295879
6,MeanBaseline,arousal,sync,2.7804251290590926e-31,,0.5674390559748438,0.7532855076097268
6,RidgeCV,arousal,sync,-0.09427208392872581,-0.2557157487660182,0.6313549974811871,0.7945785030323858
6,SVR,arousal,sync,-0.0786052559766936,-0.2060286192107021,0.6269346045843525,0.7917920210411017
6,XGBoost,arousal,sync,-0.03239627554034016,-0.17713991519676509,1.2403255015975037,1.1136990175076495
6,CatBoost,arousal,sync,0.0002871102523751248,0.002372618340843645,0.878429673797841,0.9372457915604855
6,CatBoostOptuna,arousal,sync,0.0012628277093134103,0.0032436269931561956,0.5728085304216746,0.7568411527009314
6,Ensemble,arousal,sync,-0.05185834943831154,-0.22335189750211848,0.6754586292013877,0.8218629017064754
6,MeanBaseline,arousal,retro,2.7804251290590926e-31,,0.5674390559748438,0.7532855076097268
6,RidgeCV,arousal,retro,-0.08764769856338114,-0.22964732206022054,0.6239583720772018,0.789910356988185
6,SVR,arousal,retro,-0.06738597146182386,-0.17143636030681186,0.6116426493591973,0.7820758590822231
6,XGBoost,arousal,retro,-0.06384162329672259,-0.313791723667738,1.2304231590704044,1.109244409077821
6,CatBoost,arousal,retro,0.002684982418514032,0.022790260004575194,0.8653774133212191,0.930256638418248
6,CatBoostOptuna,arousal,retro,-0.010914865601286105,-0.03230359686988003,0.6976239201015382,0.8352388401538438
6,Ensemble,arousal,retro,-0.044758025507861454,-0.19296948526944468,0.6661409800835678,0.8161746014692982
6,MeanBaseline,valence,sync,-6.063248601429045e-31,,0.30357908219067054,0.5509801105218505
6,RidgeCV,valence,sync,0.011691625042068011,0.03408078063101449,0.38984145244634827,0.624372847300672
6,SVR,valence,sync,-0.027039159257502565,-0.0712642283563769,0.3865605736598041,0.62173995662158
6,XGBoost,valence,sync,-0.06271508467064515,-0.1503298129661561,0.7767443228020454,0.8813309950308371
6,CatBoost,valence,sync,-0.06704802733000738,-0.20225751709795453,0.7240944521688822,0.8509373961513751
6,CatBoostOptuna,valence,sync,-0.02675751000672642,-0.07160955603075801,0.5072363761264927,0.7122052907178469
6,Ensemble,valence,sync,-0.036098687457267284,-0.10952746807023041,0.4710907418501902,0.6863605042907045
6,MeanBaseline,valence,retro,-6.063248601429045e-31,,0.30357908219067054,0.5509801105218505
6,RidgeCV,valence,retro,0.03368442029271275,0.10091974654359273,0.3781649022608285,0.6149511381084098
6,SVR,valence,retro,-0.012502901070536485,-0.03452640727158509,0.3671580613040722,0.6059356907329954
6,XGBoost,valence,retro,-0.08419120135610006,-0.185865324436636,0.8104874464473286,0.9002707628526702
6,CatBoost,valence,retro,-0.0705831717934152,-0.23302388979988492,0.7052968708479455,0.8398195465979257
6,CatBoostOptuna,valence,retro,-0.027793022978613205,-0.09607946909301462,0.44135769016060716,0.6643475672873403
6,Ensemble,valence,retro,-0.030756807472028767,-0.09818944880907111,0.460752467701503,0.6787874981918148
7,MeanBaseline,arousal,sync,-1.3521162746833118e-31,,0.7978486496249374,0.893223739958213
7,RidgeCV,arousal,sync,-0.002662141601046768,-0.12989947078543934,4794.069887422416,69.23922217516902
7,SVR,arousal,sync,0.005994374688055876,0.3865228517454368,6282.48705161092,79.26214135141014
7,XGBoost,arousal,sync,-0.11777449301943742,-0.5296289132847282,1.5542108113054047,1.246679915337295
7,CatBoost,arousal,sync,0.09941542405874118,0.4854023423433675,1.0781015831987837,1.0383167065971652
7,CatBoostOptuna,arousal,sync,-0.10982352129622772,-0.2883584591214711,0.9791061331788631,0.989497919744586
7,Ensemble,arousal,sync,0.0047202411159170034,0.14621806018816244,1885.2015806513925,43.41890810063506
7,MeanBaseline,arousal,retro,-1.3521162746833118e-31,,0.7978486496249374,0.893223739958213
7,RidgeCV,arousal,retro,-0.0012635736243867739,-0.05959957719846017,4614.09640511376,67.92714041613823
7,SVR,arousal,retro,0.006176623688393786,0.3871110782820082,5928.828544086648,76.99888664186417
7,XGBoost,arousal,retro,-0.08193053787131666,-0.3874824292513158,1.3188275257317514,1.1484021620198002
7,CatBoost,arousal,retro,0.13931258157399307,0.5780854428406536,1.1021251984917082,1.049821507920136
7,CatBoostOptuna,arousal,retro,-0.18382087443807246,-0.43318740902319935,0.987914205634267,0.993938733340374
7,Ensemble,arousal,retro,0.005761852789779594,0.1614018046261781,1522.1073780985232,39.014194571957056
7,MeanBaseline,valence,sync,-6.408989579812616e-31,,0.42080897872341544,0.6486979102197074
7,RidgeCV,valence,sync,0.00139739711612634,0.34338210052332696,41159.086808922766,202.8770238566279
7,SVR,valence,sync,0.003490385619068108,0.34229822831712214,6610.967012078592,81.30785332351724
7,XGBoost,valence,sync,0.18039441327135447,0.2612791589536431,0.40302426230200833,0.6348419191436624
7,CatBoost,valence,sync,0.07180142402062978,0.174513857527189,0.38025023519816314,0.6166443344409832
7,CatBoostOptuna,valence,sync,0.03629272424527348,0.13158684469139328,0.7611729345558143,0.8724522534533419
7,Ensemble,valence,sync,0.0029432480203361697,0.34447859261580227,9322.04408123418,96.55073319884309
7,MeanBaseline,valence,retro,-6.408989579812616e-31,,0.42080897872341544,0.6486979102197074
7,RidgeCV,valence,retro,0.0014075503610326656,0.35673620971076675,43782.53245957969,209.24275963478328
7,SVR,valence,retro,0.0038856374718642217,0.34833819420321843,5565.886079918497,74.6048663286685
7,XGBoost,valence,retro,0.15496386307749083,0.24071789133860982,0.4035569135909655,0.6352612955241059
7,CatBoost,valence,retro,0.11182374342509867,0.2401928825259087,0.3789038761006164,0.6155516843455279
7,CatBoostOptuna,valence,retro,-0.06669115973021128,-0.16037206767906081,0.4613151783629618,0.6792018686391859
7,Ensemble,valence,retro,0.0029920102487364596,0.35640202675680727,9661.518886233618,98.29302562355896
8,MeanBaseline,arousal,sync,2.044310588442617e-31,,0.8610570945377382,0.9279316216929662
8,RidgeCV,arousal,sync,-0.12498769582421002,-0.34291056616943233,1.0640832071886865,1.0315440888244605
8,SVR,arousal,sync,-0.08727561197915962,-0.26991704689084983,1.0307301576958527,1.0152488156584338
8,XGBoost,arousal,sync,-0.04628720077527206,-0.16507999796236789,0.9963622938708595,0.9981794898067479
8,CatBoost,arousal,sync,-0.04100361628009211,-0.0553760625399359,1.0976982546255256,1.0477109594852607
8,CatBoostOptuna,arousal,sync,-0.01611206177564222,-0.034129230350145236,0.9252807203389414,0.9619151315677186
8,Ensemble,arousal,sync,-0.08468311954088276,-0.2119387513595246,1.0216902982932494,1.010786969788021
8,MeanBaseline,arousal,retro,2.044310588442617e-31,,0.8610570945377382,0.9279316216929662
8,RidgeCV,arousal,retro,-0.12182470884706927,-0.3293000798970605,1.062433468246757,1.0307441332584713
8,SVR,arousal,retro,-0.07909277024981783,-0.24997821302142997,1.0685760807398625,1.033719536789289
8,XGBoost,arousal,retro,-0.014870576228944431,-0.0369428540550575,0.9494384048192084,0.9743912996426068
8,CatBoost,arousal,retro,-0.047035077912537214,-0.07437169801574935,1.0557805389636825,1.027511819379068
8,CatBoostOptuna,arousal,retro,0.0631439436094669,0.08889041824292941,0.9486392355018746,0.9739811268714987
8,Ensemble,arousal,retro,-0.0856193900335697,-0.26004420475875256,1.0241104861685308,1.011983441647407
8,MeanBaseline,valence,sync,1.6793919430322807e-30,,0.21739573770433598,0.4662571583411197
8,RidgeCV,valence,sync,-0.019728419215306468,-0.025757933831399443,0.24244369476698882,0.4923857174685196
8,SVR,valence,sync,0.046049173079607056,0.06536288858278382,0.2573879872543793,0.5073341968115094
8,XGBoost,valence,sync,0.18197478549189167,0.2805256100295947,0.44400201656762167,0.6663347631390859
8,CatBoost,valence,sync,-0.0710335407173783,-0.15895616697477566,0.2341886463978986,0.48393041483037474
8,CatBoostOptuna,valence,sync,0.0802008135966609,0.12009864069424508,0.24686572514917507,0.49685583940331735
8,Ensemble,valence,sync,-0.013163350056566502,-0.02506230038804405,0.223497080606324,0.47275477851241654
8,MeanBaseline,valence,retro,1.6793919430322807e-30,,0.21739573770433598,0.4662571583411197
8,RidgeCV,valence,retro,-0.034326267792506984,-0.04418843896300933,0.24793259534555853,0.4979283034188341
8,SVR,valence,retro,0.05093932718665202,0.07126965560982844,0.2648957102616626,0.5146802019328727
8,XGBoost,valence,retro,0.1734144624726973,0.2418893123475004,0.36786946512367347,0.6065224357958026
8,CatBoost,valence,retro,-0.11644864048424614,-0.22038814276495705,0.26188222370356695,0.511744295233046
8,CatBoostOptuna,valence,retro,0.16340198765245456,0.22703306912239987,0.23680937489091464,0.4866306349695985
8,Ensemble,valence,retro,-0.03375258081098233,-0.06766331701124502,0.2300482398521817,0.479633443216986
9,MeanBaseline,arousal,sync,8.120199951149999e-32,,0.30840623988332816,0.5553433531458967
9,RidgeCV,arousal,sync,0.08625430568032222,0.29563047509342033,1.1722375762088197,1.0826992085564762
9,SVR,arousal,sync,0.06207952995668897,0.2965641237283335,3.427121105750698,1.8512485261981164
9,XGBoost,arousal,sync,0.06798638054760311,0.25581890237915494,1.1667025126292632,1.0801400430635202
9,CatBoost,arousal,sync,0.029031277461406293,0.1252104870566842,0.8842577324905371,0.9403497926253491
9,CatBoostOptuna,arousal,sync,0.028923701108043882,0.05928857203789635,0.5040978237883916,0.7099984674549598
9,Ensemble,arousal,sync,0.07111336070667548,0.2966954254492898,1.5923418369408047,1.2618802783706562
9,MeanBaseline,arousal,retro,8.120199951149999e-32,,0.30840623988332816,0.5553433531458967
9,RidgeCV,arousal,retro,0.08100797941723434,0.2676567853281572,1.187820390518116,1.0898717312225856
9,SVR,arousal,retro,0.06222264154464062,0.3058876978929392,3.4537375055611497,1.8584233924381035
9,XGBoost,arousal,retro,0.05301547379011864,0.25902597195036936,1.2584260219938233,1.1217958914142194
9,CatBoost,arousal,retro,0.03721519337017355,0.1764340423020818,1.0272443515715066,1.0135306367207193
9,CatBoostOptuna,arousal,retro,0.03829415103783109,0.13233813630528926,0.7219693056191604,0.8496877694889814
9,Ensemble,arousal,retro,0.06952464699124392,0.3068388353521472,1.6636845136933114,1.2898389487425597
9,MeanBaseline,valence,sync,-1.782493879834954e-31,,0.9132195266069841,0.9556252019526191
9,RidgeCV,valence,sync,0.020558403962691058,0.04633167967115094,0.9652138650397101,0.9824529836280768
9,SVR,valence,sync,-0.03958662773761769,-0.040031132279422205,2.015395037686516,1.4196460959290227
9,XGBoost,valence,sync,-0.07684961677761538,-0.27583315804774444,1.3134986307600358,1.1460796790625143
9,CatBoost,valence,sync,-0.002616064603369007,-0.009908998580328843,1.101543872986966,1.0495446026667785
9,CatBoostOptuna,valence,sync,-0.08627564949376114,-0.17079006114803794,1.1558610026536387,1.0751097630724216
9,Ensemble,valence,sync,-0.020132842797376323,-0.03177483299104307,1.1011554462905928,1.0493595410013639
9,MeanBaseline,valence,retro,-1.782493879834954e-31,,0.9132195266069841,0.9556252019526191
9,RidgeCV,valence,retro,0.026697438066048674,0.06691145048971783,0.951701890506676,0.9755520952295044
9,SVR,valence,retro,-0.034292943555471696,-0.03462900271890028,1.924606826667564,1.3873019954817207
9,XGBoost,valence,retro,-0.09646557430089582,-0.2755628400227349,1.5153409213569025,1.2309918445533676
9,CatBoost,valence,retro,-0.042335663555922665,-0.23452718951579077,1.1019374137628122,1.0497320676071642
9,CatBoostOptuna,valence,retro,0.01131339108454875,0.023856135280102674,1.0732660439686468,1.0359855423550306
9,Ensemble,valence,retro,-0.02646471205708891,-0.042826374300332176,1.093609205852598,1.0457577185240365
10,MeanBaseline,arousal,sync,-5.650644175849873e-32,,1.7869501728641874,1.3367685562071647
10,RidgeCV,arousal,sync,-0.10999853756198921,-0.3760546598579922,2.606894861739156,1.6145881399722828
10,SVR,arousal,sync,-0.1575290419048858,-0.34520857196977706,1.9671429573439934,1.4025487361742526
10,XGBoost,arousal,sync,-0.02218883239567574,-0.13582256690718494,1.5350361208876886,1.2389657464545534
10,CatBoost,arousal,sync,-0.09865289195931627,-0.35665347704121053,1.7217034827095499,1.3121369908319596
10,CatBoostOptuna,arousal,sync,0.005159027620656172,0.035054972758991484,1.9621722563134723,1.4007755909900317
10,Ensemble,arousal,sync,-0.12291584716164146,-0.3707169964360791,2.060703698122971,1.4355151333660578
10,MeanBaseline,arousal,retro,-5.650644175849873e-32,,1.7869501728641874,1.3367685562071647
10,RidgeCV,arousal,retro,-0.11186814941881586,-0.39108668992182677,2.6429456369708073,1.6257138853349342
10,SVR,arousal,retro,-0.14764438047776968,-0.3608893399270447,2.0450811781142075,1.430063347587864
10,XGBoost,arousal,retro,-0.03394722169000361,-0.21241758946639483,1.6327958189490095,1.2778089915746444
10,CatBoost,arousal,retro,-0.09808713065604835,-0.3655190844819096,1.6239682860619156,1.2743501426460138
10,CatBoostOptuna,arousal,retro,0.020316164944057868,0.11244597340490202,2.0331351835819547,1.425880494144567
10,Ensemble,arousal,retro,-0.12392821930580047,-0.3865029297291603,2.0661888198320266,1.4374243701259648
10,MeanBaseline,valence,sync,0.0,,1.0489209032973543,1.0241683959668715
10,RidgeCV,valence,sync,-0.251774738180703,-0.7030760617253776,1.2632132383079198,1.1239275947799838
10,SVR,valence,sync,-0.03096190701971252,-0.3741013833246683,0.9605540416128768,0.9800785895084521
10,XGBoost,valence,sync,-0.2074037126627819,-0.6817010077545789,1.3167692808782296,1.1475056779285362
10,CatBoost,valence,sync,-0.21204689776755328,-0.7583913321272071,1.1739305706131495,1.0834807661482273
10,CatBoostOptuna,valence,sync,-0.03973383313324924,-0.14378091288567493,0.8851325290042402,0.940814821845532
10,Ensemble,valence,sync,-0.16660308034398957,-0.7332765339646377,1.1275699709461622,1.0618709766003411
10,MeanBaseline,valence,retro,0.0,,1.0489209032973543,1.0241683959668715
10,RidgeCV,valence,retro,-0.25221907855880904,-0.6998092545064288,1.2532385504745929,1.11948137567116
10,SVR,valence,retro,-0.024644102166140443,-0.3224282801312909,0.964772697928417,0.982228434697559
10,XGBoost,valence,retro,-0.21804147882778077,-0.7024644863671967,1.2369147788782473,1.1121667046258161
10,CatBoost,valence,retro,-0.16903432419181283,-0.7160549137977987,1.1477734640270107,1.0713418987545529
10,CatBoostOptuna,valence,retro,-0.07876913941346843,-0.2526518049937251,0.7916132700701002,0.889726514199785
10,Ensemble,valence,retro,-0.15134020372015236,-0.7109322295188752,1.1137230129765412,1.0553307599878539
11,MeanBaseline,arousal,sync,0.0,,1.2913211958554511,1.1363631443581101
11,RidgeCV,arousal,sync,-0.2611775092164449,-0.29289857279075865,3.383002923799617,1.8392941373797767
11,SVR,arousal,sync,-0.21573394738713061,-0.4089167276880075,10.758106510447437,3.279955260433812
11,XGBoost,arousal,sync,-0.17842674476427584,-0.4704412959377097,1.4474298343649854,1.2030917813554316
11,CatBoost,arousal,sync,-0.6609717342347045,-0.7817601046228652,2.4388725390496995,1.5616890020262355
11,CatBoostOptuna,arousal,sync,0.01459715938703106,0.03684727238108791,1.1505633266301152,1.0726431497148132
11,Ensemble,arousal,sync,-0.37036019717424296,-0.4585196710440734,4.483641989756724,2.117461213282719
11,MeanBaseline,arousal,retro,0.0,,1.2913211958554511,1.1363631443581101
11,RidgeCV,arousal,retro,-0.19509188037202896,-0.2129253954102554,2.8153177127137523,1.6778908524435527
11,SVR,arousal,retro,-0.22237854281906227,-0.3932279437344462,8.736949040974636,2.9558330536372712
11,XGBoost,arousal,retro,-0.08056574099806457,-0.2254104005123623,1.2743840501765962,1.1288861989485903
11,CatBoost,arousal,retro,-0.4869352969830791,-0.7415316200915261,1.8836542538126766,1.3724628424160257
11,CatBoostOptuna,arousal,retro,-0.24328340595605183,-0.45545609942268284,1.5656725932261422,1.2512683937613633
11,Ensemble,arousal,retro,-0.33746220098904983,-0.40495130634836746,3.5899684396687763,1.8947212036784664
11,MeanBaseline,valence,sync,0.0,,0.8941026055075784,0.9455699897456445
11,RidgeCV,valence,sync,0.10533027904663261,0.2208716469989643,0.8474056362809469,0.9205463792123387
11,SVR,valence,sync,-0.013894096406124415,-0.10971780040030633,0.904165088425426,0.9508759584853462
11,XGBoost,valence,sync,-0.01781846971969943,-0.08606921129044683,1.2282030675521134,1.1082432348325495
11,CatBoost,valence,sync,0.16975697850550603,0.7083099753038337,0.8781445787769508,0.9370936872997015
11,CatBoostOptuna,valence,sync,0.03071256387021094,0.12953090741087855,1.003160868514642,1.001579187340992
11,Ensemble,valence,sync,0.11523799462527949,0.49122139224996325,0.8377960818957453,0.915312013411681
11,MeanBaseline,valence,retro,0.0,,0.8941026055075784,0.9455699897456445
11,RidgeCV,valence,retro,0.042921750104141634,0.08946621576633866,0.8877822325031732,0.9422219656233732
11,SVR,valence,retro,0.0077407623371681875,0.0853532516436891,0.8781458589351309,0.9370943703465147
11,XGBoost,valence,retro,0.08114096476791223,0.31803895130171356,1.147423191289672,1.0711784124456916
11,CatBoost,valence,retro,0.19829523040726976,0.7318618200140419,0.8527441426363452,0.9234414668165737
11,CatBoostOptuna,valence,retro,-0.020404013829355597,-0.07536711992832698,1.0152918728649565,1.0076169276391482
11,Ensemble,valence,retro,0.10509898844302819,0.4902217934925251,0.8364355995991918,0.9145685319314194
12,MeanBaseline,arousal,sync,0.0,,0.9368304823627874,0.9679000373813338
12,RidgeCV,arousal,sync,0.29819996152920375,0.33711720103959525,1.8206726189772258,1.3493230224735757
12,SVR,arousal,sync,0.34052052420750456,0.3456228823643677,1.2638701854803323,1.124219811905275
12,XGBoost,arousal,sync,0.009220886534155011,0.032132782225863576,1.304082538354158,1.1419643332233096
12,CatBoost,arousal,sync,0.16455433516820123,0.2548908053474316,1.1546372705269357,1.0745404927348878
12,CatBoostOptuna,arousal,sync,0.15417602923979354,0.2754862146148408,0.9848229098976791,0.9923824413489384
12,Ensemble,arousal,sync,0.34049759004376573,0.348438538586549,1.021654303769462,1.0107691644334338
12,MeanBaseline,arousal,retro,0.0,,0.9368304823627874,0.9679000373813338
12,RidgeCV,arousal,retro,0.29568530195496995,0.3396908761123208,1.9289278559154195,1.3888584722409334
12,SVR,arousal,retro,-0.001491909406312728,-0.0019363024501752955,1.4844208148224591,1.2183680949624622
12,XGBoost,arousal,retro,0.03024264957287254,0.10400948925561254,1.3708067752896642,1.170814577672171
12,CatBoost,arousal,retro,0.1505872755820788,0.26391169995849884,1.195736368570753,1.0934973107286332
12,CatBoostOptuna,arousal,retro,0.2131457804716552,0.39098788212437463,0.9049703878820183,0.9512993156110322
12,Ensemble,arousal,retro,0.28261855365306093,0.30468403765840546,0.9983219809145898,0.9991606381931735
12,MeanBaseline,valence,sync,0.0,,0.39706152867670386,0.6301281843218123
12,RidgeCV,valence,sync,0.2291802647197132,0.37583610846529797,1.7100641431036698,1.3076942085608814
12,SVR,valence,sync,0.007507439508292688,0.018453924296367552,3.7012989071606044,1.9238760113792688
12,XGBoost,valence,sync,-0.09284267257432934,-0.2344095599589672,0.6645363509409086,0.8151909904684354
12,CatBoost,valence,sync,-0.10548549012291149,-0.19420497628666744,0.5374832266881082,0.7331324755377491
12,CatBoostOptuna,valence,sync,-0.03832892476612399,-0.06788245330709923,0.5639275452409893,0.7509510937744144
12,Ensemble,valence,sync,0.09728794905394327,0.16702738546307166,1.4948586615554582,1.2226441271095438
12,MeanBaseline,valence,retro,0.0,,0.39706152867670386,0.6301281843218123
12,RidgeCV,valence,retro,0.22097167782608462,0.3699148508733297,1.7930474049154792,1.3390472004061242
12,SVR,valence,retro,0.023988698440192024,0.052716940945007236,2.9324450304711536,1.7124383289541125
12,XGBoost,valence,retro,-0.05515372683710901,-0.17255958947508857,0.686262355801866,0.8284095338670759
12,CatBoost,valence,retro,-0.11419919731741274,-0.17920844298873326,0.520856654427392,0.7217039936340882
12,CatBoostOptuna,valence,retro,-0.09408302978823115,-0.16651948580339193,0.5344520472503111,0.7310622731685114
12,Ensemble,valence,retro,0.1195503464647684,0.19390329504131742,1.2798231669787885,1.1312926973063993
13,MeanBaseline,arousal,sync,-4.622688770533051e-32,,2.166981562763681,1.4720671053874144
13,RidgeCV,arousal,sync,-0.21445920380054578,-0.6668591697194886,2.788306804924386,1.6698223872389502
13,SVR,arousal,sync,-0.13575330323163945,-0.48533910275383163,2.57771372390209,1.6055259960218926
13,XGBoost,arousal,sync,0.17905063679112296,0.48038828882169526,1.6877092662177091,1.2991186497844256
13,CatBoost,arousal,sync,0.2259148653493707,0.654415106019957,1.595064323118388,1.262958559541202
13,CatBoostOptuna,arousal,sync,0.07080065079066258,0.24975988123666906,1.997728349042922,1.4134101842858364
13,Ensemble,arousal,sync,-0.051628233653585986,-0.2763178031385462,2.262356463565465,1.504113181767072
13,MeanBaseline,arousal,retro,-4.622688770533051e-32,,2.166981562763681,1.4720671053874144
13,RidgeCV,arousal,retro,-0.2201480112597065,-0.6715723356305692,2.84412787784485,1.6864542323599683
13,SVR,arousal,retro,-0.15726231926067782,-0.5119176912664285,2.640881688202309,1.6250789790660358
13,XGBoost,arousal,retro,0.2644249188507048,0.565369170713379,1.5282880116710027,1.2362394637249705
13,CatBoost,arousal,retro,0.14956379625567515,0.5713573520899107,1.760227152398541,1.3267355246613928
13,CatBoostOptuna,arousal,retro,0.12379530206036296,0.3881931827622892,1.8737235960661038,1.3688402375975453
13,Ensemble,arousal,retro,-0.08346163649855479,-0.3949269897831757,2.358807009241748,1.5358408150722354
13,MeanBaseline,valence,sync,0.0,,1.1278112153401005,1.0619845645488923
13,RidgeCV,valence,sync,0.07691965299757056,0.4799246073939645,2.3859877888968195,1.5446642965048487
13,SVR,valence,sync,-0.00889643381057776,-0.12443880527770973,1.0410847583445457,1.0203356106421777
13,XGBoost,valence,sync,-0.14572458561894225,-0.3577085898464192,1.3992191124686557,1.1828859253827715
13,CatBoost,valence,sync,-0.15872427507742876,-0.5039142655945981,1.3048212462896127,1.142287724826636
13,CatBoostOptuna,valence,sync,-0.08452006461122458,-0.2989910744417164,1.2053920805165943,1.0979034932618597
13,Ensemble,valence,sync,0.0032125440652670096,0.02546174388854006,1.4421260756449388,1.2008855381113301
13,MeanBaseline,valence,retro,0.0,,1.1278112153401005,1.0619845645488923
13,RidgeCV,valence,retro,0.07467093026972105,0.4798322157121154,2.4345059607690733,1.5602903450220647
13,SVR,valence,retro,-0.013479665685574124,-0.19196925018880834,1.08337842545464,1.0408546610620715
13,XGBoost,valence,retro,-0.11152313924887983,-0.3168472724899486,1.4664159955905545,1.2109566448021805
13,CatBoost,valence,retro,-0.12514382915655603,-0.42286952542326517,1.5119353826906137,1.2296078166190283
13,CatBoostOptuna,valence,retro,-0.01933633731417931,-0.06294401280255711,1.050391871825639,1.0248862726301096
13,Ensemble,valence,retro,0.00337911936558771,0.026065059075651643,1.53707634140795,1.2397888293608512
14,MeanBaseline,arousal,sync,-7.593492226165627e-32,,0.6868525225778871,0.8287656620407768
14,RidgeCV,arousal,sync,0.22761825947812941,0.3632489090901645,0.8623822370770633,0.9286453774595894
14,SVR,arousal,sync,0.14702954575084712,0.34198041023701575,1.6387276916975073,1.280127998169522
14,XGBoost,arousal,sync,0.22345157188307022,0.29611125304217345,0.6352959994882086,0.7970545774840068
14,CatBoost,arousal,sync,0.30953078931645317,0.36180316000650414,0.6655163225604479,0.8157918377628253
14,CatBoostOptuna,arousal,sync,0.09500154671313513,0.17310160390675322,0.7284914906395791,0.8535171296696857
14,Ensemble,arousal,sync,0.2576026186502744,0.36193950933488683,0.7953582067530247,0.8918285747569566
14,MeanBaseline,arousal,retro,-7.593492226165627e-32,,0.6868525225778871,0.8287656620407768
14,RidgeCV,arousal,retro,0.2290323821070078,0.362222436693755,0.8579757209322759,0.9262697884160295
14,SVR,arousal,retro,0.14565170222268004,0.3447433453287502,1.712299351450715,1.3085485667145544
14,XGBoost,arousal,retro,0.24956694728013162,0.3185471815059418,0.6315426492396539,0.7946965768390184
14,CatBoost,arousal,retro,0.27303445454958924,0.3450552349807357,0.6550047411639803,0.8093236319075209
14,CatBoostOptuna,arousal,retro,0.12289007641352326,0.2170156638669468,0.716847556494099,0.8466685044892712
14,Ensemble,arousal,retro,0.2484940525161222,0.35944973804274066,0.8037314404455312,0.896510702917445
14,MeanBaseline,valence,sync,1.2814208004148873e-31,,0.40701768607383093,0.6379793774675094
14,RidgeCV,valence,sync,-0.18736293083029937,-0.3071447527020336,0.6773106345541757,0.8229888423023581
14,SVR,valence,sync,-0.13459284702712893,-0.3495320692406169,0.6372816692781349,0.7982992354237444
14,XGBoost,valence,sync,0.1351709998583134,0.20635581601502986,0.3541644272271965,0.5951171542034362
14,CatBoost,valence,sync,-0.16854921398082606,-0.3282558796939461,0.49834646788428283,0.7059365891383467
14,CatBoostOptuna,valence,sync,-0.05855228482100505,-0.13254613548346358,0.4582437166331584,0.6769370108312578
14,Ensemble,valence,sync,-0.1721620054601618,-0.3547602797325439,0.5920328867747279,0.7694367334451403
14,MeanBaseline,valence,retro,1.2814208004148873e-31,,0.40701768607383093,0.6379793774675094
14,RidgeCV,valence,retro,-0.1841856822531263,-0.2953149546649872,0.6812396844270744,0.8253724519434086
14,SVR,valence,retro,-0.13940358418248647,-0.3341365085374445,0.6752435794243895,0.8217320606039352
14,XGBoost,valence,retro,0.0840033042044858,0.15682605152491672,0.3643288309833059,0.6035965796650159
14,CatBoost,valence,retro,-0.14233993830645117,-0.29361138033247985,0.4870922061737986,0.6979199138682021
14,CatBoostOptuna,valence,retro,-0.09331954222140107,-0.21729602777865256,0.45325824730032044,0.67324456722674
14,Ensemble,valence,retro,-0.15721879195561786,-0.33087699843644136,0.595755636777723,0.7718520821878523
15,MeanBaseline,arousal,sync,1.507907724177492e-30,,0.0864709624980924,0.2940594540192381
15,RidgeCV,arousal,sync,-0.15833229384638017,-0.16440897211883498,0.18115952915558073,0.4256283932676258
15,SVR,arousal,sync,-0.05477050711996842,-0.12801778818603154,0.41782029821860667,0.6463902058498463
15,XGBoost,arousal,sync,-0.016339876264693444,-0.1550874355376357,1.3343653906678397,1.1551473458688462
15,CatBoost,arousal,sync,0.009153172847660939,0.017197293849638827,0.1704422335107689,0.41284650114875493
15,CatBoostOptuna,arousal,sync,0.14152889065042998,0.15851377911331208,0.18730712773168554,0.4327899348779793
15,Ensemble,arousal,sync,-0.08485937307702733,-0.1448277132585725,0.20481221609934505,0.4525618367685736
15,MeanBaseline,arousal,retro,1.507907724177492e-30,,0.0864709624980924,0.2940594540192381
15,RidgeCV,arousal,retro,-0.09581149439366525,-0.09959422139258226,0.17364153978783503,0.41670317947891283
15,SVR,arousal,retro,-0.039939066475613884,-0.0992984015939041,0.4823689181569466,0.6945278382879599
15,XGBoost,arousal,retro,-0.02915081841923722,-0.1901460935541253,1.4161136740966935,1.190005745404909
15,CatBoost,arousal,retro,0.11411970432764597,0.17923971707361572,0.10753276425239738,0.3279218874250351
15,CatBoostOptuna,arousal,retro,0.14947823957344067,0.2127093913005731,0.26310825450248326,0.5129407904451383
15,Ensemble,arousal,retro,-0.03558896478100251,-0.06236337215091282,0.1842550362641012,0.42924938702821835
15,MeanBaseline,valence,sync,3.285715486206866e-30,,0.07936793846898911,0.2817231592698568
15,RidgeCV,valence,sync,0.0608639320988912,0.06699284544176491,0.11920999499580653,0.34526800459325296
15,SVR,valence,sync,0.029446567873919312,0.04441089902522059,0.1450060877020511,0.38079664875370306
15,XGBoost,valence,sync,-0.005559348227149173,-0.09713045285105176,1.8149806716527639,1.3472121850891803
15,CatBoost,valence,sync,-0.015181704367553528,-0.09365752517488832,0.9538137786447087,0.976633902055785
15,CatBoostOptuna,valence,sync,-0.019899865853079506,-0.03142003428946969,0.29003480498821577,0.5385487953641859
15,Ensemble,valence,sync,-0.0016105434536080232,-0.0048194141192822925,0.26100404263589305,0.510885547491699
15,MeanBaseline,valence,retro,3.285715486206866e-30,,0.07936793846898911,0.2817231592698568
15,RidgeCV,valence,retro,0.02526387411004509,0.027541303439525485,0.11752700123287241,0.34282211310368005
15,SVR,valence,retro,0.003079431167079494,0.004933266413223403,0.15676476376581733,0.3959353025000642
15,XGBoost,valence,retro,-0.0028280493730254586,-0.039951995938270486,1.5252029807484266,1.2349910852910748
15,CatBoost,valence,retro,-0.01704411167575606,-0.10217561436162428,1.085423529334717,1.0418366135506647
15,CatBoostOptuna,valence,retro,-0.10547843960037304,-0.15452392287946212,0.20388063755873917,0.4515314358477593
15,Ensemble,valence,retro,-0.01745133324431878,-0.05188511515141024,0.27212718667395597,0.5216581128229062
16,MeanBaseline,arousal,sync,0.0,,2.4588438370461354,1.5680700995319488
16,RidgeCV,arousal,sync,-0.027757783336074256,-0.13231935754921875,2.772563646787007,1.6651016926263114
16,SVR,arousal,sync,0.08646387048978275,0.3736423996515378,2.7274572343818404,1.6515015090461893
16,XGBoost,arousal,sync,0.05017341993563144,0.36079387000307883,2.2290543669159715,1.493001797358587
16,CatBoost,arousal,sync,0.25298356613373363,0.820716365185766,1.7590749569973352,1.3263012316202285
16,CatBoostOptuna,arousal,sync,0.16068859377715514,0.5901187584448075,2.1551667230830684,1.4680486105994817
16,Ensemble,arousal,sync,0.10183046230266951,0.5400819121784073,2.386340884242721,1.5447785874495805
16,MeanBaseline,arousal,retro,0.0,,2.4588438370461354,1.5680700995319488
16,RidgeCV,arousal,retro,-0.02261428395229035,-0.11043072263697656,2.7991614619989553,1.6730694731537465
16,SVR,arousal,retro,0.08533970763461841,0.3558420645267336,2.864303476634298,1.6924253237984528
16,XGBoost,arousal,retro,0.06424068129831838,0.43648690384450545,2.2090289877543015,1.486280252090534
16,CatBoost,arousal,retro,0.30665508412091763,0.8317826637618957,1.776821331029189,1.3329746175487323
16,CatBoostOptuna,arousal,retro,0.10853441308303474,0.5077010501297268,2.4900318569354813,1.5779834780299449
16,Ensemble,arousal,retro,0.12155742998916744,0.6029923428059693,2.421089015527985,1.555984902088701
16,MeanBaseline,valence,sync,0.0,,1.9859797720528543,1.4092479455556621
16,RidgeCV,valence,sync,0.0706160513400616,0.5740494908368885,2.622530386674436,1.6194228560429904
16,SVR,valence,sync,0.021610917287525608,0.3562961808713898,2.0165692614525383,1.420059597852336
16,XGBoost,valence,sync,-0.011288590108836852,-0.15167353621933521,2.191352096316881,1.4803216192155273
16,CatBoost,valence,sync,0.017633211926122536,0.2770978774729676,2.1354804791867106,1.461328326963763
16,CatBoostOptuna,valence,sync,-0.030449767800560502,-0.21164699578706195,2.1128617131307994,1.453568613148619
16,Ensemble,valence,sync,0.039598801646424764,0.5665490859015643,2.2402713898710673,1.4967536169560665
16,MeanBaseline,valence,retro,0.0,,1.9859797720528543,1.4092479455556621
16,RidgeCV,valence,retro,0.0689490060435242,0.5705781422867837,2.629679915519737,1.6216287847469089
16,SVR,valence,retro,0.02098368913562856,0.3794598536237961,2.060743040674655,1.4355288365876373
16,XGBoost,valence,retro,-0.024123019754945737,-0.28481475035283343,2.175894107957043,1.4750912202155644
16,CatBoost,valence,retro,0.021401638064377684,0.2990330823793483,1.992428690887575,1.4115341621397532
16,CatBoostOptuna,valence,retro,0.035901233618034614,0.27074313468677064,2.227123644502523,1.4923550664980916
16,Ensemble,valence,retro,0.043269116371763304,0.6092117147086127,2.189064394238195,1.4795487130331988
